發生年,發生月,發生日,發生時,發生分,處理別,區序,肇事地點,死亡人數,2-30日死亡人數,受傷人數,當事人序,車種,天候,光線,道路類別,速限,道路型態,事故位置,路面狀況1,路面狀況2,路面狀況3,道路障礙1,道路障礙2,號誌1,號誌2,車道劃分-分向,車道劃分-分道1,車道劃分-分道2,車道劃分-分道3,事故類型及型態,性別,年齡,受傷程度,主要傷處,保護裝置,行動電話,車輛用途,當事者行動狀態,駕駛資格情形,駕駛執照種類,飲酒情形,車輛撞擊部位1,車輛撞擊部位2,肇因碼-個別,肇因碼-主要,個人肇逃否,職業,旅次目的,X,Y,Unnamed: 0
110,1,8,10,10,2,05中正區,中正區延平南路156號,0,0.0,1,1,B12,6.0,1.0,5.0,50,14.0,9.0,1.0,4.0,4.0,5.0,7.0,4.0,4.0,9.0,4.0,5.0,2.0,12.0,1,41.0,3.0,10.0,1.0,1.0,7.0,11.0,1.0,8.0,2.0,4.0,,10.0,10.0,1.0,22.0,9.0,121.5085126,25.03821118,
110,1,8,10,10,2,05中正區,中正區延平南路156號,0,0.0,1,2,C03,6.0,1.0,5.0,50,14.0,9.0,1.0,4.0,4.0,5.0,7.0,4.0,4.0,9.0,4.0,5.0,2.0,12.0,1,21.0,2.0,8.0,1.0,1.0,7.0,9.0,1.0,10.0,2.0,11.0,,44.0,10.0,1.0,22.0,9.0,121.5085126,25.03821118,
110,1,12,17,15,2,05中正區,中正區延平南路270號前,0,0.0,1,1,C03,8.0,1.0,5.0,50,11.0,9.0,1.0,5.0,4.0,5.0,7.0,4.0,4.0,5.0,5.0,5.0,2.0,12.0,2,63.0,3.0,10.0,1.0,1.0,7.0,9.0,1.0,10.0,1.0,12.0,,17.0,17.0,1.0,22.0,9.0,121.5072739,25.03227275,
110,1,12,17,15,2,05中正區,中正區延平南路270號前,0,0.0,1,2,C03,8.0,1.0,5.0,50,11.0,9.0,1.0,5.0,4.0,5.0,7.0,4.0,4.0,5.0,5.0,5.0,2.0,12.0,1,37.0,2.0,9.0,1.0,1.0,7.0,9.0,1.0,10.0,1.0,14.0,,17.0,17.0,1.0,22.0,9.0,121.5072739,25.03227275,
110,4,25,22,40,2,05中正區,中正區延平南路167號,0,0.0,1,1,B01,8.0,3.0,5.0,50,14.0,9.0,1.0,5.0,4.0,5.0,7.0,4.0,4.0,5.0,4.0,5.0,2.0,16.0,1,65.0,3.0,10.0,1.0,1.0,7.0,5.0,1.0,4.0,2.0,8.0,,8.0,8.0,1.0,22.0,9.0,121.5076765,25.0352713,
110,4,25,22,40,2,05中正區,中正區延平南路167號,0,0.0,1,2,C04,8.0,3.0,5.0,50,14.0,9.0,1.0,5.0,4.0,5.0,7.0,4.0,4.0,5.0,4.0,5.0,2.0,16.0,2,41.0,2.0,9.0,1.0,1.0,7.0,9.0,1.0,8.0,2.0,14.0,,44.0,8.0,1.0,22.0,9.0,121.5076765,25.0352713,
110,4,27,21,20,2,05中正區,中正區延平南路171巷4號,0,0.0,2,1,C03,8.0,3.0,5.0,30,4.0,1.0,1.0,5.0,4.0,5.0,7.0,4.0,4.0,10.0,5.0,5.0,2.0,15.0,1,51.0,2.0,9.0,1.0,1.0,7.0,9.0,1.0,10.0,1.0,11.0,,6.0,6.0,1.0,22.0,9.0,121.5080257,25.03477324,
110,4,27,21,20,2,05中正區,中正區延平南路171巷4號,0,0.0,2,2,F01,8.0,3.0,5.0,30,4.0,1.0,1.0,5.0,4.0,5.0,7.0,4.0,4.0,10.0,5.0,5.0,2.0,15.0,2,48.0,2.0,9.0,4.0,5.0,7.0,9.0,8.0,20.0,1.0,16.0,,42.0,6.0,1.0,22.0,9.0,121.5080257,25.03477324,
110,4,27,21,20,2,05中正區,中正區延平南路171巷4號,0,0.0,2,3,H02,8.0,3.0,5.0,30,4.0,1.0,1.0,5.0,4.0,5.0,7.0,4.0,4.0,10.0,5.0,5.0,2.0,15.0,2,14.0,4.0,11.0,1.0,5.0,7.0,20.0,8.0,20.0,10.0,16.0,,67.0,6.0,1.0,22.0,9.0,121.5080257,25.03477324,
110,6,1,11,20,2,05中正區,中正區延平南路21號,0,0.0,1,1,C03,8.0,1.0,5.0,0,14.0,9.0,1.0,5.0,4.0,5.0,7.0,4.0,4.0,10.0,5.0,5.0,2.0,17.0,1,36.0,2.0,9.0,1.0,1.0,7.0,9.0,1.0,10.0,2.0,14.0,,23.0,23.0,1.0,22.0,9.0,121.5106512,25.04577412,
110,6,1,11,20,2,05中正區,中正區延平南路21號,0,0.0,1,2,B12,8.0,1.0,5.0,0,14.0,9.0,1.0,5.0,4.0,5.0,7.0,4.0,4.0,10.0,5.0,5.0,2.0,17.0,1,28.0,3.0,10.0,3.0,1.0,7.0,13.0,1.0,8.0,2.0,6.0,,38.0,23.0,1.0,22.0,9.0,121.5106512,25.04577412,
109,1,7,10,36,2,05中正區,中正區延平南路121巷,0,0.0,1,1,B02,8.0,1.0,5.0,50,13.0,18.0,1.0,5.0,4.0,5.0,7.0,4.0,4.0,10.0,4.0,5.0,2.0,3.0,1,34.0,3.0,10.0,1.0,1.0,,7.0,5.0,1.0,4.0,2.0,15.0,15.0,15.0,1.0,22.0,9.0,121.5089022,25.03969123,1125.0
109,1,7,10,36,2,05中正區,中正區延平南路121巷,0,0.0,1,2,H01,8.0,1.0,5.0,50,13.0,18.0,1.0,5.0,4.0,5.0,7.0,4.0,4.0,10.0,4.0,5.0,2.0,3.0,1,34.0,2.0,8.0,4.0,5.0,,8.0,16.0,8.0,20.0,10.0,16.0,67.0,15.0,1.0,22.0,9.0,121.5089022,25.03969123,1126.0
109,3,10,10,10,2,05中正區,中正區延平南路156號,0,0.0,1,1,,6.0,1.0,5.0,50,14.0,9.0,1.0,4.0,4.0,5.0,7.0,4.0,4.0,9.0,5.0,5.0,2.0,17.0,4,,4.0,11.0,3.0,4.0,,7.0,15.0,7.0,19.0,11.0,15.0,43.0,43.0,2.0,22.0,9.0,121.5084771,25.03830484,10367.0
109,3,10,10,10,2,05中正區,中正區延平南路156號,0,0.0,1,2,C03,6.0,1.0,5.0,50,14.0,9.0,1.0,4.0,4.0,5.0,7.0,4.0,4.0,9.0,5.0,5.0,2.0,17.0,1,21.0,2.0,8.0,1.0,1.0,,7.0,9.0,1.0,10.0,1.0,15.0,44.0,43.0,1.0,18.0,2.0,121.5084771,25.03830484,10368.0
109,5,8,14,20,2,05中正區,中正區延平南路272號,0,0.0,1,1,B03,8.0,1.0,5.0,50,14.0,9.0,1.0,5.0,4.0,5.0,7.0,4.0,4.0,5.0,4.0,5.0,2.0,17.0,1,72.0,3.0,10.0,1.0,1.0,,7.0,14.0,1.0,8.0,1.0,2.0,40.0,40.0,1.0,22.0,9.0,121.5072495,25.03222008,19150.0
109,5,8,14,20,2,05中正區,中正區延平南路272號,0,0.0,1,2,C03,8.0,1.0,5.0,50,14.0,9.0,1.0,5.0,4.0,5.0,7.0,4.0,4.0,5.0,4.0,5.0,2.0,17.0,1,24.0,2.0,9.0,1.0,1.0,,7.0,9.0,1.0,10.0,1.0,14.0,44.0,40.0,1.0,22.0,9.0,121.5072495,25.03222008,19151.0
109,5,8,14,20,2,05中正區,中正區延平南路272號,0,0.0,1,3,H02,8.0,1.0,5.0,50,14.0,9.0,1.0,5.0,4.0,5.0,7.0,4.0,4.0,5.0,4.0,5.0,2.0,17.0,1,59.0,3.0,10.0,1.0,1.0,,7.0,19.0,8.0,20.0,1.0,16.0,56.0,40.0,1.0,22.0,9.0,121.5072495,25.03222008,19152.0
109,5,8,14,20,2,05中正區,中正區延平南路272號,0,0.0,1,4,H02,8.0,1.0,5.0,50,14.0,9.0,1.0,5.0,4.0,5.0,7.0,4.0,4.0,5.0,4.0,5.0,2.0,17.0,2,24.0,4.0,11.0,1.0,5.0,,7.0,20.0,8.0,20.0,10.0,16.0,67.0,40.0,1.0,22.0,9.0,121.5072495,25.03222008,19153.0
109,9,7,8,41,2,05中正區,中正區延平南路160-6號,0,0.0,2,1,C03,8.0,1.0,5.0,50,3.0,1.0,1.0,5.0,4.0,5.0,7.0,4.0,4.0,9.0,5.0,5.0,2.0,16.0,1,18.0,2.0,9.0,1.0,1.0,,7.0,5.0,1.0,10.0,2.0,11.0,6.0,6.0,1.0,22.0,9.0,121.5083514,25.03795627,38098.0
109,9,7,8,41,2,05中正區,中正區延平南路160-6號,0,0.0,2,2,C03,8.0,1.0,5.0,50,3.0,1.0,1.0,5.0,4.0,5.0,7.0,4.0,4.0,9.0,5.0,5.0,2.0,16.0,1,32.0,2.0,9.0,1.0,1.0,,7.0,9.0,1.0,10.0,2.0,11.0,44.0,6.0,1.0,22.0,9.0,121.5083514,25.03795627,38099.0
109,9,30,17,52,2,05中正區,中正區延平南路22號,0,0.0,1,1,C03,7.0,3.0,5.0,30,14.0,9.0,1.0,5.0,4.0,5.0,7.0,4.0,4.0,10.0,5.0,5.0,2.0,16.0,1,59.0,2.0,9.0,1.0,1.0,,7.0,9.0,1.0,10.0,2.0,11.0,26.0,26.0,1.0,22.0,9.0,121.5110191,25.04696228,42014.0
109,9,30,17,52,2,05中正區,中正區延平南路22號,0,0.0,1,2,B01,7.0,3.0,5.0,30,14.0,9.0,1.0,5.0,4.0,5.0,7.0,4.0,4.0,10.0,5.0,5.0,2.0,16.0,1,59.0,3.0,10.0,1.0,1.0,,7.0,9.0,1.0,4.0,2.0,4.0,14.0,26.0,1.0,22.0,9.0,121.5110191,25.04696228,42015.0
109,9,30,17,52,2,05中正區,中正區延平南路22號,0,0.0,1,3,B01,7.0,3.0,5.0,30,14.0,9.0,1.0,5.0,4.0,5.0,7.0,4.0,4.0,10.0,5.0,5.0,2.0,16.0,1,55.0,3.0,10.0,1.0,1.0,,7.0,13.0,1.0,4.0,11.0,15.0,38.0,26.0,1.0,22.0,9.0,121.5110191,25.04696228,42016.0
109,9,30,17,52,2,05中正區,中正區延平南路22號,0,0.0,1,4,B03,7.0,3.0,5.0,30,14.0,9.0,1.0,5.0,4.0,5.0,7.0,4.0,4.0,10.0,5.0,5.0,2.0,16.0,1,53.0,3.0,10.0,1.0,1.0,,7.0,14.0,1.0,8.0,11.0,15.0,38.0,26.0,1.0,22.0,9.0,121.5110191,25.04696228,42017.0
109,10,19,20,36,2,05中正區,中正區延平南路132號,0,0.0,1,1,B03,8.0,1.0,5.0,50,14.0,9.0,1.0,5.0,4.0,5.0,7.0,4.0,4.0,10.0,4.0,5.0,2.0,17.0,1,43.0,3.0,10.0,1.0,1.0,,7.0,1.0,1.0,8.0,2.0,8.0,19.0,19.0,1.0,22.0,9.0,121.5093671,25.04136722,44955.0
109,10,19,20,36,2,05中正區,中正區延平南路132號,0,0.0,1,2,C02,8.0,1.0,5.0,50,14.0,9.0,1.0,5.0,4.0,5.0,7.0,4.0,4.0,10.0,4.0,5.0,2.0,17.0,1,22.0,2.0,9.0,1.0,1.0,,7.0,9.0,1.0,10.0,2.0,11.0,44.0,19.0,1.0,22.0,9.0,121.5093671,25.04136722,44956.0
108,1,15,20,30,2,05中正區,中正區延平南路189號前,0,,1,1,B03,8.0,,,50,14.0,9.0,,,,,,,,,,,,,1,34.0,3.0,,,,,,,,,,,,,,,,,,21780.0
108,1,15,20,30,2,05中正區,中正區延平南路189號前,0,,1,2,C03,8.0,,,50,14.0,9.0,,,,,,,,,,,,,1,34.0,2.0,,,,,,,,,,,,,,,,,,21781.0
108,2,25,18,35,2,05中正區,中正區延平南路221號前,0,,1,1,C03,8.0,,,50,11.0,9.0,,,,,,,,,,,,,1,35.0,2.0,,,,,,,,,,,,,,,,,,21931.0
108,2,25,18,35,2,05中正區,中正區延平南路221號前,0,,1,2,H01,8.0,,,50,11.0,9.0,,,,,,,,,,,,,1,73.0,3.0,,,,,,,,,,,,,,,,,,21932.0
108,11,4,19,50,2,05中正區,中正區延平南路159號,0,,2,1,C03,8.0,,,50,14.0,9.0,,,,,,,,,,,,,1,59.0,2.0,,,,,,,,,,,,,,,,,,22638.0
108,11,4,19,50,2,05中正區,中正區延平南路159號,0,,2,2,C03,8.0,,,50,14.0,9.0,,,,,,,,,,,,,1,19.0,2.0,,,,,,,,,,,,,,,,,,22639.0
108,11,4,19,50,2,05中正區,中正區延平南路159號,0,,2,3,B03,8.0,,,50,14.0,9.0,,,,,,,,,,,,,1,56.0,3.0,,,,,,,,,,,,,,,,,,22640.0
108,10,17,17,25,2,05中正區,中正區延平南路248巷8號,0,,1,1,B03,8.0,,,30,14.0,9.0,,,,,,,,,,,,,2,60.0,3.0,,,,,,,,,,,,,,,,,,22935.0
108,10,17,17,25,2,05中正區,中正區延平南路248巷8號,0,,1,2,H01,8.0,,,30,14.0,9.0,,,,,,,,,,,,,2,58.0,2.0,,,,,,,,,,,,,,,,,,22936.0
107,9,17,1,15,2,05中正區,中正區延平南路111號,0,,1,1,C03,7.0,,,50,14.0,9.0,,,,,,,,,,,,,1,26.0,2.0,,,,,,,,,,,,,,,,,,18691.0
107,9,17,1,15,2,05中正區,中正區延平南路111號,0,,1,2,,7.0,,,50,14.0,9.0,,,,,,,,,,,,,3,0.0,,,,,,,,,,,,,,,,,,,18692.0
107,9,25,18,57,2,05中正區,中正區延平南路127號,0,,1,1,B03,7.0,,,50,14.0,9.0,,,,,,,,,,,,,1,34.0,3.0,,,,,,,,,,,,,,,,,,18864.0
107,9,25,18,57,2,05中正區,中正區延平南路127號,0,,1,2,C03,7.0,,,50,14.0,9.0,,,,,,,,,,,,,2,20.0,2.0,,,,,,,,,,,,,,,,,,18865.0
107,11,5,13,22,2,05中正區,中正區延平南路160-5號,0,,1,1,B01,7.0,,,50,14.0,9.0,,,,,,,,,,,,,1,65.0,3.0,,,,,,,,,,,,,,,,,,19162.0
107,11,5,13,22,2,05中正區,中正區延平南路160-5號,0,,1,2,C03,7.0,,,50,14.0,9.0,,,,,,,,,,,,,2,53.0,2.0,,,,,,,,,,,,,,,,,,19163.0
107,12,1,17,14,2,05中正區,中正區延平南路160號,0,,1,2,C03,8.0,,,50,14.0,9.0,,,,,,,,,,,,,1,22.0,2.0,,,,,,,,,,,,,,,,,,19678.0
107,12,1,17,14,2,05中正區,中正區延平南路160號,0,,1,1,C03,8.0,,,50,14.0,9.0,,,,,,,,,,,,,1,20.0,3.0,,,,,,,,,,,,,,,,,,19679.0
107,5,25,11,5,2,05中正區,中正區延平南路159號騎樓內,0,,1,1,C03,8.0,,,50,15.0,20.0,,,,,,,,,,,,,1,17.0,3.0,,,,,,,,,,,,,,,,,,20026.0
107,5,25,11,5,2,05中正區,中正區延平南路159號騎樓內,0,,1,2,H01,8.0,,,50,15.0,20.0,,,,,,,,,,,,,1,54.0,2.0,,,,,,,,,,,,,,,,,,20027.0
106,11,4,19,34,2,05中正區,中正區延平南路23號,0,,2,1,H01,8.0,,,0,14.0,9.0,,,,,,,,,,,,,1,47.0,2.0,,,,,,,,,,,,,,,,,,19536.0
106,11,4,19,34,2,05中正區,中正區延平南路23號,0,,2,2,C03,8.0,,,0,14.0,9.0,,,,,,,,,,,,,1,50.0,2.0,,,,,,,,,,,,,,,,,,19537.0
106,2,24,18,30,2,05中正區,中正區延平南路153號,0,,3,1,C03,6.0,,,50,14.0,9.0,,,,,,,,,,,,,2,28.0,2.0,,,,,,,,,,,,,,,,,,20302.0
106,2,24,18,30,2,05中正區,中正區延平南路153號,0,,3,2,H01,6.0,,,50,14.0,9.0,,,,,,,,,,,,,1,66.0,2.0,,,,,,,,,,,,,,,,,,20303.0
106,2,24,18,30,2,05中正區,中正區延平南路153號,0,,3,3,H01,6.0,,,50,14.0,9.0,,,,,,,,,,,,,2,65.0,2.0,,,,,,,,,,,,,,,,,,20304.0
106,3,24,20,20,2,05中正區,中正區延平南路212號,0,,1,1,B01,7.0,,,50,14.0,9.0,,,,,,,,,,,,,1,65.0,3.0,,,,,,,,,,,,,,,,,,20447.0
106,3,24,20,20,2,05中正區,中正區延平南路212號,0,,1,2,H02,7.0,,,50,14.0,9.0,,,,,,,,,,,,,2,43.0,3.0,,,,,,,,,,,,,,,,,,20448.0
106,3,24,20,20,2,05中正區,中正區延平南路212號,0,,1,3,C03,7.0,,,50,14.0,9.0,,,,,,,,,,,,,1,27.0,2.0,,,,,,,,,,,,,,,,,,20449.0
106,4,6,7,25,2,05中正區,中正區延平南路185號,0,,1,1,B03,8.0,,,50,14.0,9.0,,,,,,,,,,,,,1,57.0,3.0,,,,,,,,,,,,,,,,,,20491.0
106,4,6,7,25,2,05中正區,中正區延平南路185號,0,,1,2,C03,8.0,,,50,14.0,9.0,,,,,,,,,,,,,2,37.0,2.0,,,,,,,,,,,,,,,,,,20492.0